Algorithm,Size,Avg Time Per Iteration
BT,3,0.000999768575032552
BT,4,0.008666753768920898
BT,5,0.0780180295308431
BT,6,0.3841856320699056
BT,7,14.204646507898966
